--
-- PostgreSQL database dump
--

-- Dumped from database version 14.5
-- Dumped by pg_dump version 14.5

-- Started on 2022-12-17 15:33:51

SET statement_timeout = 0;
SET lock_timeout = 0;
SET idle_in_transaction_session_timeout = 0;
SET client_encoding = 'UTF8';
SET standard_conforming_strings = on;
SELECT pg_catalog.set_config('search_path', '', false);
SET check_function_bodies = false;
SET xmloption = content;
SET client_min_messages = warning;
SET row_security = off;

SET default_tablespace = '';

SET default_table_access_method = heap;

--
-- TOC entry 210 (class 1259 OID 32845)
-- Name: category; Type: TABLE; Schema: public; Owner: postgres
--

CREATE TABLE public.category (
    id integer NOT NULL,
    name character varying(255)
);


ALTER TABLE public.category OWNER TO postgres;

--
-- TOC entry 209 (class 1259 OID 32844)
-- Name: category_id_seq; Type: SEQUENCE; Schema: public; Owner: postgres
--

ALTER TABLE public.category ALTER COLUMN id ADD GENERATED BY DEFAULT AS IDENTITY (
    SEQUENCE NAME public.category_id_seq
    START WITH 1
    INCREMENT BY 1
    NO MINVALUE
    NO MAXVALUE
    CACHE 1
);


--
-- TOC entry 212 (class 1259 OID 32851)
-- Name: image; Type: TABLE; Schema: public; Owner: postgres
--

CREATE TABLE public.image (
    id integer NOT NULL,
    file_name character varying(255),
    product_id integer NOT NULL
);


ALTER TABLE public.image OWNER TO postgres;

--
-- TOC entry 211 (class 1259 OID 32850)
-- Name: image_id_seq; Type: SEQUENCE; Schema: public; Owner: postgres
--

ALTER TABLE public.image ALTER COLUMN id ADD GENERATED BY DEFAULT AS IDENTITY (
    SEQUENCE NAME public.image_id_seq
    START WITH 1
    INCREMENT BY 1
    NO MINVALUE
    NO MAXVALUE
    CACHE 1
);


--
-- TOC entry 214 (class 1259 OID 32857)
-- Name: orders; Type: TABLE; Schema: public; Owner: postgres
--

CREATE TABLE public.orders (
    id integer NOT NULL,
    count integer NOT NULL,
    date_time timestamp without time zone,
    number character varying(255),
    price real NOT NULL,
    status integer,
    person_id integer NOT NULL,
    product_id integer NOT NULL
);


ALTER TABLE public.orders OWNER TO postgres;

--
-- TOC entry 213 (class 1259 OID 32856)
-- Name: orders_id_seq; Type: SEQUENCE; Schema: public; Owner: postgres
--

ALTER TABLE public.orders ALTER COLUMN id ADD GENERATED BY DEFAULT AS IDENTITY (
    SEQUENCE NAME public.orders_id_seq
    START WITH 1
    INCREMENT BY 1
    NO MINVALUE
    NO MAXVALUE
    CACHE 1
);


--
-- TOC entry 216 (class 1259 OID 32863)
-- Name: person; Type: TABLE; Schema: public; Owner: postgres
--

CREATE TABLE public.person (
    id integer NOT NULL,
    login character varying(50),
    password character varying(255),
    role character varying(255),
    date_time_of_created timestamp without time zone,
    patronymic text
);


ALTER TABLE public.person OWNER TO postgres;

--
-- TOC entry 215 (class 1259 OID 32862)
-- Name: person_id_seq; Type: SEQUENCE; Schema: public; Owner: postgres
--

ALTER TABLE public.person ALTER COLUMN id ADD GENERATED BY DEFAULT AS IDENTITY (
    SEQUENCE NAME public.person_id_seq
    START WITH 1
    INCREMENT BY 1
    NO MINVALUE
    NO MAXVALUE
    CACHE 1
);


--
-- TOC entry 218 (class 1259 OID 32871)
-- Name: product; Type: TABLE; Schema: public; Owner: postgres
--

CREATE TABLE public.product (
    id integer NOT NULL,
    date_time_of_created timestamp without time zone,
    description text NOT NULL,
    price real NOT NULL,
    seller character varying(255) NOT NULL,
    title text NOT NULL,
    warehouse character varying(255) NOT NULL,
    category_id integer NOT NULL,
    CONSTRAINT product_price_check CHECK ((price >= (1)::double precision))
);


ALTER TABLE public.product OWNER TO postgres;

--
-- TOC entry 220 (class 1259 OID 32880)
-- Name: product_cart; Type: TABLE; Schema: public; Owner: postgres
--

CREATE TABLE public.product_cart (
    id integer NOT NULL,
    person_id integer,
    product_id integer
);


ALTER TABLE public.product_cart OWNER TO postgres;

--
-- TOC entry 219 (class 1259 OID 32879)
-- Name: product_cart_id_seq; Type: SEQUENCE; Schema: public; Owner: postgres
--

ALTER TABLE public.product_cart ALTER COLUMN id ADD GENERATED BY DEFAULT AS IDENTITY (
    SEQUENCE NAME public.product_cart_id_seq
    START WITH 1
    INCREMENT BY 1
    NO MINVALUE
    NO MAXVALUE
    CACHE 1
);


--
-- TOC entry 217 (class 1259 OID 32870)
-- Name: product_id_seq; Type: SEQUENCE; Schema: public; Owner: postgres
--

ALTER TABLE public.product ALTER COLUMN id ADD GENERATED BY DEFAULT AS IDENTITY (
    SEQUENCE NAME public.product_id_seq
    START WITH 1
    INCREMENT BY 1
    NO MINVALUE
    NO MAXVALUE
    CACHE 1
);


--
-- TOC entry 3351 (class 0 OID 32845)
-- Dependencies: 210
-- Data for Name: category; Type: TABLE DATA; Schema: public; Owner: postgres
--

INSERT INTO public.category (id, name) VALUES (1, 'Бокс');
INSERT INTO public.category (id, name) VALUES (2, 'Фитнес');
INSERT INTO public.category (id, name) VALUES (3, 'Туризм');


--
-- TOC entry 3353 (class 0 OID 32851)
-- Dependencies: 212
-- Data for Name: image; Type: TABLE DATA; Schema: public; Owner: postgres
--

INSERT INTO public.image (id, file_name, product_id) VALUES (1, '6721de5c-f2d1-4808-96e4-fe803ab33085.1.jpg', 1);
INSERT INTO public.image (id, file_name, product_id) VALUES (2, 'e242d706-86a3-4346-8881-d3fbcec7e42d.2.jpg', 1);
INSERT INTO public.image (id, file_name, product_id) VALUES (3, '7f2a8d30-75a7-4e93-b83c-4f6ebb3293f3.3.jpg', 1);
INSERT INTO public.image (id, file_name, product_id) VALUES (4, 'ecd06d21-b3d2-4e15-9d8d-3c3f77844ba2.4.jpg', 1);
INSERT INTO public.image (id, file_name, product_id) VALUES (5, '6129dcc5-2da1-4713-9fb8-9e6b1b272f5f.5.jpg', 1);
INSERT INTO public.image (id, file_name, product_id) VALUES (6, 'c7b7ff31-be84-4491-ae24-63425f390115.1.jpg', 2);
INSERT INTO public.image (id, file_name, product_id) VALUES (7, 'a5202833-0e80-4acb-9b57-d3e49dc41b1d.2.jpg', 2);
INSERT INTO public.image (id, file_name, product_id) VALUES (8, 'e11333a5-f7cb-4afe-ba06-c6c61b3fac10.3.jpg', 2);
INSERT INTO public.image (id, file_name, product_id) VALUES (9, '2c745c28-bccc-4f52-8a57-0101b78e5ec9.4.jpg', 2);
INSERT INTO public.image (id, file_name, product_id) VALUES (10, '2d14b028-4f7b-40f4-a3c4-d5ea8f28c1d9.5.jpg', 2);
INSERT INTO public.image (id, file_name, product_id) VALUES (11, '34194e25-e50e-4a9d-8a4e-55d89e4c5606.1.jpg', 3);
INSERT INTO public.image (id, file_name, product_id) VALUES (12, 'a269c9dc-9ada-4b4b-897a-c6b10a1dabae.2.jpg', 3);
INSERT INTO public.image (id, file_name, product_id) VALUES (13, '5b0fce15-968e-4f65-b78f-cdf885126a3e.3.jpg', 3);
INSERT INTO public.image (id, file_name, product_id) VALUES (14, 'b74cdb40-660c-40e8-8665-e27bd9f4236c.4.jpg', 3);
INSERT INTO public.image (id, file_name, product_id) VALUES (15, '6daf5ac2-127c-4585-844e-111359788e21.5.jpg', 3);
INSERT INTO public.image (id, file_name, product_id) VALUES (16, '3d07491f-7ad5-469f-9296-42af7dc7d185.1.jpg', 4);
INSERT INTO public.image (id, file_name, product_id) VALUES (17, 'bd1ff055-8e2e-4cac-9089-19cfdbb9c648.2.jpg', 4);
INSERT INTO public.image (id, file_name, product_id) VALUES (18, '65a91817-f156-4637-a2cc-120257cacf0c.3.jpg', 4);
INSERT INTO public.image (id, file_name, product_id) VALUES (19, 'ec76509d-2440-47db-b72a-e18f72721a02.4.jpg', 4);
INSERT INTO public.image (id, file_name, product_id) VALUES (20, '313b836b-47b5-483b-9635-621a4b944b4c.5.jpg', 4);
INSERT INTO public.image (id, file_name, product_id) VALUES (21, '2ad8b754-131a-478d-b0a1-5f95a62636ef.1.jpg', 5);
INSERT INTO public.image (id, file_name, product_id) VALUES (22, '8bd65d99-2b1e-4590-8e1c-81636a0bf8b1.2.jpg', 5);
INSERT INTO public.image (id, file_name, product_id) VALUES (23, '1f91e88a-4353-4350-a597-6c994da3941e.3.jpg', 5);
INSERT INTO public.image (id, file_name, product_id) VALUES (24, '30191262-e032-413e-82f8-09356177a76f.', 5);
INSERT INTO public.image (id, file_name, product_id) VALUES (25, 'ba24f26b-7c5b-4490-8a9f-0677826733eb.', 5);
INSERT INTO public.image (id, file_name, product_id) VALUES (26, 'c53829e8-96a6-43d4-930d-8e1eba714522.1.jpg', 6);
INSERT INTO public.image (id, file_name, product_id) VALUES (27, 'be05efa5-7091-40b8-b7e3-db7596a7718c.2.jpg', 6);
INSERT INTO public.image (id, file_name, product_id) VALUES (28, '44f47143-3951-4d8d-bc4a-a5d08f451ff9.3.jpg', 6);
INSERT INTO public.image (id, file_name, product_id) VALUES (29, '771369c0-3083-40f0-b9a5-637af2c4bc3d.4.jpg', 6);
INSERT INTO public.image (id, file_name, product_id) VALUES (30, '05458f5a-787f-475f-a94c-96623a7b6745.5.jpg', 6);
INSERT INTO public.image (id, file_name, product_id) VALUES (31, '8b9d9145-b243-40f7-905e-17db22131c46.1.jpg', 7);
INSERT INTO public.image (id, file_name, product_id) VALUES (32, 'ade2b191-9f15-4fea-b5ea-d9561440dcc7.2.jpg', 7);
INSERT INTO public.image (id, file_name, product_id) VALUES (33, '74d1d4aa-88d9-42fc-9b8b-ad8ea32cf425.3.jpg', 7);
INSERT INTO public.image (id, file_name, product_id) VALUES (34, 'f28d2762-bed9-4e1f-97db-ecde29a99ade.4.jpg', 7);
INSERT INTO public.image (id, file_name, product_id) VALUES (35, 'de3f02ee-0a42-4a78-a946-c4dba4b593f1.5.jpg', 7);
INSERT INTO public.image (id, file_name, product_id) VALUES (36, '3e81f5a2-467b-4161-89a6-65b397c98c05.1.jpg', 8);
INSERT INTO public.image (id, file_name, product_id) VALUES (37, '0d819243-d2a7-4308-8b8c-6aec7971ca21.2.jpg', 8);
INSERT INTO public.image (id, file_name, product_id) VALUES (38, '223f240e-18b3-465f-a91f-aa5454639d2e.3.jpg', 8);
INSERT INTO public.image (id, file_name, product_id) VALUES (39, 'b0b0a170-7199-4c4c-8737-b5f36978e795.4.jpg', 8);
INSERT INTO public.image (id, file_name, product_id) VALUES (40, 'a4ebf2c3-5051-447f-b8ef-2e83ab60e4cd.5.jpg', 8);
INSERT INTO public.image (id, file_name, product_id) VALUES (41, '80f58192-9071-4f31-927b-ee545f0b8e43.1.jpg', 9);
INSERT INTO public.image (id, file_name, product_id) VALUES (42, '696d6600-cdda-4426-a9dc-fc2f92b94411.2.jpg', 9);
INSERT INTO public.image (id, file_name, product_id) VALUES (43, '94846477-ef16-4f11-809e-be87c98ce0b1.3.jpg', 9);
INSERT INTO public.image (id, file_name, product_id) VALUES (44, 'f70b5127-7af9-4a73-8cb0-513177ec0f65.4.jpg', 9);
INSERT INTO public.image (id, file_name, product_id) VALUES (45, '25c1ae7f-64cb-45ac-adec-032861049e8d.5.jpg', 9);
INSERT INTO public.image (id, file_name, product_id) VALUES (46, '6a3dcd75-aadf-4e8d-acb0-b16b5ee7c9ae.1.jpg', 10);
INSERT INTO public.image (id, file_name, product_id) VALUES (47, '28acc940-5d03-464f-acbb-880546a9be62.2.jpg', 10);
INSERT INTO public.image (id, file_name, product_id) VALUES (48, '989dfca8-ffdf-4516-8f4c-beaaa9a1d042.3.jpg', 10);
INSERT INTO public.image (id, file_name, product_id) VALUES (49, 'b4801968-e659-4218-ae15-60c47b39a3c2.4.jpg', 10);
INSERT INTO public.image (id, file_name, product_id) VALUES (50, '0ee623ce-29da-4e72-9f25-1167fd247ef8.5.jpg', 10);
INSERT INTO public.image (id, file_name, product_id) VALUES (51, '8bdedbd3-c4f5-4544-9832-791eb3da8fb1.1.jpg', 11);
INSERT INTO public.image (id, file_name, product_id) VALUES (52, 'd906c34c-da6b-45c2-86b0-03f095834a93.2.jpg', 11);
INSERT INTO public.image (id, file_name, product_id) VALUES (53, '0936c835-dd5d-4b29-af9e-84bd2d54da90.3.jpg', 11);
INSERT INTO public.image (id, file_name, product_id) VALUES (54, 'a2453e4e-8154-4a3d-98ee-bbb22a5bf3de.4.jpg', 11);
INSERT INTO public.image (id, file_name, product_id) VALUES (55, 'c117e676-bd25-4dd8-9e04-94f4c7ac3f04.5.jpg', 11);
INSERT INTO public.image (id, file_name, product_id) VALUES (56, '37639b23-ab19-4972-8b2a-1ae343955a49.1.jpg', 12);
INSERT INTO public.image (id, file_name, product_id) VALUES (57, '522fd60a-9194-44e4-b107-39b32ac23279.2.jpg', 12);
INSERT INTO public.image (id, file_name, product_id) VALUES (58, '17b245c8-8073-48cc-acfb-e377ebde970d.3.jpg', 12);
INSERT INTO public.image (id, file_name, product_id) VALUES (59, 'ec30012a-4d0d-4d98-9d6c-1f45525438f4.4.jpg', 12);
INSERT INTO public.image (id, file_name, product_id) VALUES (60, 'e1e0f03d-9f06-43dc-93c0-e67e5a32c81a.5.jpg', 12);
INSERT INTO public.image (id, file_name, product_id) VALUES (61, '2d0302ca-e6b2-4cd5-875e-c4b9f9848e12.1.jpg', 13);
INSERT INTO public.image (id, file_name, product_id) VALUES (62, 'e8d74933-ffc6-468b-8d19-f6d8766a6d47.2.jpg', 13);
INSERT INTO public.image (id, file_name, product_id) VALUES (63, 'a17b8665-2e23-4f51-b92c-6e9024c2b04b.3.jpg', 13);
INSERT INTO public.image (id, file_name, product_id) VALUES (64, 'fbcf9ed8-7f0a-43f4-b185-3bfd946c8a47.4.jpg', 13);
INSERT INTO public.image (id, file_name, product_id) VALUES (65, '7d447026-4aab-45f7-a278-8950361dbd0c.5.jpg', 13);
INSERT INTO public.image (id, file_name, product_id) VALUES (66, '81c5ef66-e00e-4edb-aace-773845a51ecb.1.jpg', 14);
INSERT INTO public.image (id, file_name, product_id) VALUES (67, '6b06cd34-857c-4832-b79d-88f3f5a3240e.2.jpg', 14);
INSERT INTO public.image (id, file_name, product_id) VALUES (68, 'a73dbf38-039a-4bd1-a319-8729eb8e1032.3.jpg', 14);
INSERT INTO public.image (id, file_name, product_id) VALUES (69, '383e98d2-6e2f-4ade-8c5e-dbf1b2397011.4.jpg', 14);
INSERT INTO public.image (id, file_name, product_id) VALUES (70, '8270d1af-46ea-4a87-aaac-9e74f739604c.5.jpg', 14);
INSERT INTO public.image (id, file_name, product_id) VALUES (71, 'fb72c655-e071-4780-ba71-e16b7c5cefc7.1.jpg', 15);
INSERT INTO public.image (id, file_name, product_id) VALUES (72, '5560f18f-b315-41ee-b720-218b26a415ee.2.jpg', 15);
INSERT INTO public.image (id, file_name, product_id) VALUES (73, '4fd8dd4d-06b3-4210-8a25-acf04654f75d.3.jpg', 15);
INSERT INTO public.image (id, file_name, product_id) VALUES (74, '4cd4ee4d-304e-4845-9b1e-b08b97a46e3d.4.jpg', 15);
INSERT INTO public.image (id, file_name, product_id) VALUES (75, '6cede87a-2b87-4898-970f-15254c065566.5.jpg', 15);


--
-- TOC entry 3355 (class 0 OID 32857)
-- Dependencies: 214
-- Data for Name: orders; Type: TABLE DATA; Schema: public; Owner: postgres
--

INSERT INTO public.orders (id, count, date_time, number, price, status, person_id, product_id) VALUES (19, 1, '2022-12-17 01:41:09.447978', '6c71ee45-7523-46ab-9b46-16b615487c62', 3599, 0, 1, 3);
INSERT INTO public.orders (id, count, date_time, number, price, status, person_id, product_id) VALUES (25, 1, '2022-12-17 02:51:45.68857', '3d9637a4-92d0-412f-88dc-604b5948d579', 3599, 1, 4, 3);
INSERT INTO public.orders (id, count, date_time, number, price, status, person_id, product_id) VALUES (26, 1, '2022-12-17 02:51:45.701578', '3d9637a4-92d0-412f-88dc-604b5948d579', 3599, 1, 4, 3);
INSERT INTO public.orders (id, count, date_time, number, price, status, person_id, product_id) VALUES (27, 1, '2022-12-17 02:56:35.909803', '390f70d0-43fd-40dc-b871-9f9cf04de20e', 8599, 1, 4, 4);
INSERT INTO public.orders (id, count, date_time, number, price, status, person_id, product_id) VALUES (28, 1, '2022-12-17 02:56:35.921747', '390f70d0-43fd-40dc-b871-9f9cf04de20e', 46999, 1, 4, 5);
INSERT INTO public.orders (id, count, date_time, number, price, status, person_id, product_id) VALUES (29, 1, '2022-12-17 03:00:59.938949', '1c1a873e-4e11-49e4-aaee-d99822f03605', 999, 1, 4, 9);
INSERT INTO public.orders (id, count, date_time, number, price, status, person_id, product_id) VALUES (30, 1, '2022-12-17 14:03:03.564202', '14f0aa0b-ac48-43d9-bff3-13ab71ec301c', 3599, 1, 3, 3);
INSERT INTO public.orders (id, count, date_time, number, price, status, person_id, product_id) VALUES (31, 1, '2022-12-17 14:03:03.592186', '14f0aa0b-ac48-43d9-bff3-13ab71ec301c', 3599, 1, 3, 3);
INSERT INTO public.orders (id, count, date_time, number, price, status, person_id, product_id) VALUES (32, 1, '2022-12-17 14:54:48.07448', 'd3c7d90b-986a-48b8-b203-0f7eeb3a3c05', 3599, 1, 3, 3);
INSERT INTO public.orders (id, count, date_time, number, price, status, person_id, product_id) VALUES (33, 1, '2022-12-17 14:59:56.690428', '2ebf7363-63e8-46e7-bd51-d0cddfa369e9', 8599, 1, 3, 4);
INSERT INTO public.orders (id, count, date_time, number, price, status, person_id, product_id) VALUES (34, 1, '2022-12-17 14:59:56.701422', '2ebf7363-63e8-46e7-bd51-d0cddfa369e9', 3599, 1, 3, 3);


--
-- TOC entry 3357 (class 0 OID 32863)
-- Dependencies: 216
-- Data for Name: person; Type: TABLE DATA; Schema: public; Owner: postgres
--

INSERT INTO public.person (id, login, password, role, date_time_of_created, patronymic) VALUES (2, 'admin', '$2a$10$h5KswXTjpQXPr1Kc0Odugu1DhTnn/k0COglB.Rk3QO5JB9XFqEAEW', 'ROLE_ADMIN', NULL, NULL);
INSERT INTO public.person (id, login, password, role, date_time_of_created, patronymic) VALUES (3, 'user111', '$2a$10$1hVt1oXk9KfeKj/PHzKtEOdTs4v9j/hvxqKX57.vRp1qkqPQIPJjC', 'ROLE_USER', NULL, NULL);
INSERT INTO public.person (id, login, password, role, date_time_of_created, patronymic) VALUES (4, 'user222', '$2a$10$H.dmzz2.SOKHuSOX3GvZreBfYmysrblstCa9P0fch7jy0PSkzCLhO', 'ROLE_USER', NULL, NULL);
INSERT INTO public.person (id, login, password, role, date_time_of_created, patronymic) VALUES (1, 'user_test', '$2a$10$77d4K0hpgc9zjJiSFxMfEO/7A5lNRYQDhUcX/rzzb30zQtjEvKfMO', 'ROLE_ADMIN', NULL, NULL);


--
-- TOC entry 3359 (class 0 OID 32871)
-- Dependencies: 218
-- Data for Name: product; Type: TABLE DATA; Schema: public; Owner: postgres
--

INSERT INTO public.product (id, date_time_of_created, description, price, seller, title, warehouse, category_id) VALUES (3, '2022-12-12 16:12:34.265029', 'Оптимальным выбором для начинающих спортсменов станут боксерские перчатки Everlast, изготовленные из прочной синтетической кожи.
ЗАЩИТА КИСТИ ОТ ТРАВМ
Двуслойный пенный наполнитель поглощает силу удара и защищает руку спортсмена. Конструкция ThumbLoсk обеспечивает безопасное положение большого пальца.
ВЕНТИЛЯЦИЯ
Модель выполнена из современных воздухопроницаемых материалов.
НАДЕЖНАЯ ФИКСАЦИЯ
Широкий ремень с застежкой-липучкой надежно фиксирует перчатки на руках.
АНАТОМИЧЕСКАЯ ФОРМА
Анатомически правильное внутреннее пространство перчатки обеспечивает верное положение кисти.', 3599, 'Спортмастер', 'Перчатки боксерские Everlast Elite Pro style', 'Коледино', 1);
INSERT INTO public.product (id, date_time_of_created, description, price, seller, title, warehouse, category_id) VALUES (4, '2022-12-12 17:46:51.033151', 'Полная защита лица без ущерба удобству и обзорности.
КАЧЕСТВО МАТЕРИАЛОВ
Изготовлен из высококачественной натуральной кожи.
КОМФОРТ
Благодаря инновационному использованию специальных материалов по технологии EverDri, шлем идеально отводит влагу, обеспечивая вентиляцию для большего комфорта спортсмена.
БЕЗОПАСНОСТЬ
Идеален для людей для которых не приемлемы повреждения лица (последствия спарринга), а также перенесших травму носа или костей лица. Бампер в комплекте.
Размер: 58-62 см.', 8599, 'Спортмастер', 'Шлем Everlast SaveMax', 'Коледино', 1);
INSERT INTO public.product (id, date_time_of_created, description, price, seller, title, warehouse, category_id) VALUES (5, '2022-12-12 18:20:14.76542', 'Реалистичный водоналивной мешок-манекен с большей, чем у аналогов, ударной поверхностью. Размер тренажера в собранном виде с минимальной высотой составляет 153 х 60 х 60 см. Основание наполняется песком (235 кг) или водой (138 л).
МАКСИМАЛЬНАЯ УДАРНАЯ ПОВЕРХНОСТЬ
РЕАЛИСТИЧНЫЙ СПАРРИНГ-ПАРТНЕР
УСТОЙЧИВОЕ ОСНОВАНИЕ
ПРОСТАЯ УСТАНОВКА', 46999, 'Спортмастер', 'Тренажер для отработки ударов Demix Boxman Long', 'Коледино', 1);
INSERT INTO public.product (id, date_time_of_created, description, price, seller, title, warehouse, category_id) VALUES (6, '2022-12-12 18:22:27.721946', 'Электронные напольные весы Torneo, выполненные в современном дизайне, — необходимая вещь для фитнес-занятий. Они имеют прочное закаленное стекло, функцию авто включения при вставании на платформу, функцию авто выключения при неиспользовании, индикацию превышения максимальной нагрузки, большой ЖК-дисплей с крупным шрифтом. Шаг показаний измерений 0,1 кг. 2 батарейки типа CR2032 идут в комплекте. Максимальный вес 150 кг. Размер 30х30 см.', 1399, 'Спортмастер', ' Весы напольные Torneo', 'Коледино', 2);
INSERT INTO public.product (id, date_time_of_created, description, price, seller, title, warehouse, category_id) VALUES (8, '2022-12-12 18:24:47.533239', 'Изогнутый W-образный олимпийский гриф для пауэрлифтинга и тяжелой атлетики. Особая форма грифа подходит для упражнений, развивающих мускулатуру рук. Рифление обеспечивает удобный хват и не дает ладоням скользить. На гриф нанесена маркировка для хвата рук. 4 прочных подшипника и 2 медные втулки гарантируют превосходное вращение и повышенную износостойкость. Подшипники втулок снижают нагрузку на суставы атлета. Штанга не отскакивает. Гриф подходит для блинов с посадочным диаметром 51 мм. В комплекте 2 пружинных замка. Максимальная нагрузка 300 кг. Посадочный диаметр 50 мм, длина 1300 мм, длина хвата 840 мм. Вес изделия 11.5 кг.
', 8999, 'Спортмастер ', 'Гриф изогнутый KETTLER, 50х1300 мм', 'Коледино', 2);
INSERT INTO public.product (id, date_time_of_created, description, price, seller, title, warehouse, category_id) VALUES (9, '2022-12-12 18:26:05.472735', 'Перчатки защищают руки от небольших травм и мозолей, обеспечивают комфорт и безопасность во время интенсивных тренировок. Гелевые вставки на ладонной и тыльной частях амортизируют и гасят вибрацию. Эластичный материал из смесового материала гарантирует комфортную посадку на руке. Усиленная фиксация запястья позволяет заниматься с большими весами (нагрузками высокого уровня). Предусмотрены петли для более удобного снятия перчаток. Конструкция усилена двойными швами в местах, подверженных экстремальным нагрузкам.', 999, 'Спортмастер', 'Перчатки для фитнеса Demix', 'Коледино', 2);
INSERT INTO public.product (id, date_time_of_created, description, price, seller, title, warehouse, category_id) VALUES (2, NULL, 'Универсальная капа, изготовленная из термопластика, надежно защищает челюсть. Благодаря податливому материалу изделие можно подвергать неоднократной термообработке, «подгоняя» капу по размеру.', 649, 'Спортмастер', 'Капа Green Hill', 'Коледино', 1);
INSERT INTO public.product (id, date_time_of_created, description, price, seller, title, warehouse, category_id) VALUES (7, NULL, 'Гантель эргономичной формы со скругленными краями. Нескользящее неопреновое покрытие обеспечивает надежный хват и защищает напольное покрытие от повреждений при случайных падениях.', 799, 'Спортмастер', 'Гантель с неопреновым покрытием Demix, 2 кг', 'Коледино', 2);
INSERT INTO public.product (id, date_time_of_created, description, price, seller, title, warehouse, category_id) VALUES (10, NULL, 'Скакалка с прозрачным шнуром регулируемой длины. Высокая интенсивность оборотов (5–6 в секунду). Прочные рукоятки. Длина 310 см.', 199, 'Спортмастер', 'Скакалка скоростная Torneo', 'Коледино', 2);
INSERT INTO public.product (id, date_time_of_created, description, price, seller, title, warehouse, category_id) VALUES (11, '2022-12-12 18:33:41.377298', 'Ботинки Columbia Newton Ridge Plus II подойдут для трекинга и активного отдыха на природе.
АМОРТИЗАЦИЯ
Промежуточная подошва Techlite амортизирует удары и поддерживает стопу.
СЦЕПЛЕНИЕ С ПОВЕРХНОСТЬЮ
Подошва Omni-Grip обеспечивает сцепление на пересеченной местности.
НАДЕЖНАЯ ФИКСАЦИЯ
Металлическая фурнитура надежно удерживает шнуровку.
ВОДОНЕПРОНИЦАЕМАЯ МЕМБРАНА
Водонепроницаемая мембрана Omni-Tech с проклеенными швами защищает от промокания.
НАТУРАЛЬНЫЕ МАТЕРИАЛЫ
Верх выполнен из натуральной кожи для максимального комфорта.
OMNI-TECH
Микро поровая мембрана, которая характеризуется высокой степенью паропроницаемой и при этом полностью блокирует воду и ветер снаружи.
OMNI-GRIP
Эффективная система сцепления с разными поверхностями работает за счет особого состава резины и различных видов протектора: для асфальтового покрытия, для пересеченной местности, для влажных поверхностей, для зимних поверхностей.
TECHLITE
Технология Techlite делает обувь и аксессуары невероятно легкими и удобными. Существенно повышает уровень амортизации и поддержки стопы. Создана специально для обеспечения комфорта во время активного отдыха.', 11999, 'Спортмастер', 'Ботинки мужские Columbia Newton Ridge Plus II Waterproof', 'Коледино', 3);
INSERT INTO public.product (id, date_time_of_created, description, price, seller, title, warehouse, category_id) VALUES (12, NULL, 'Мягкий и прочный коврик, выполненный из вспененного полиэтилена, сгладит неровности поверхности и защитит от холода, идущего от земли.
ЛЕГКОСТЬ
Коврик весит всего 300 гр.
КОМПАКТНОСТЬ
Коврик компактно скатывается и фиксируется компрессионными ремнями.', 419, 'Спортмастер', 'Коврик пенный Outventure', 'Коледино', 3);
INSERT INTO public.product (id, date_time_of_created, description, price, seller, title, warehouse, category_id) VALUES (13, '2022-12-12 18:37:26.603877', 'Прочный и легкий титановый котелок с удобными боковыми ручками пригодится в походе. Предусмотрена ручка для подвешивания над открытым огнем. Объем 0.75 л.', 4129, 'Спортмастер', 'Котел титановый Northland 0.75 л', 'Коледино', 3);
INSERT INTO public.product (id, date_time_of_created, description, price, seller, title, warehouse, category_id) VALUES (14, '2022-12-12 18:38:40.023023', 'Компактный рюкзак с конструкцией roll top — то что нужно для города. Подходит для объемных книг и документов формата А4.
ФУНКЦИОНАЛЬНОСТЬ
Предусмотрены боковые карманы, уплотненный карман для ноутбука и центральная петля для крепления шлема или велозамка.
АНАТОМИЧЕСКАЯ КОНСТРУКЦИЯ
Изогнутые лямки и мягкая спинка для комфорта.
УДОБНОЕ ХРАНЕНИЕ
Широкий вход в основное отделение с фиксацией на скрутке.
УСТОЙЧИВОСТЬ К ИЗНОСУ
Выполнен из прочной ткани Cordura.', 8099, 'Спортмастер', 'Рюкзак Tatonka Grip Rolltop Pack S 25 л', 'Коледино', 3);
INSERT INTO public.product (id, date_time_of_created, description, price, seller, title, warehouse, category_id) VALUES (15, '2022-12-12 18:39:48.561435', 'Многофункциональный кемпинговый фонарь Outventure со световым потоком 90 люмен — отличный выбор для походов и загородного отдыха. Благодаря подвижному световому элементу его можно использовать в качестве стационарного осветительного прибора, превратить в ручной фонарь или подвесить в палатке при помощи кольца. Корпус выполнен из легкого и прочного анодированного алюминия. Модель имеет 3 режима работы: полная и половинная мощность, стробоскоп.', 839, 'Спортмастер', 'Фонарь кемпинговый Outventure', 'Коледино', 3);
INSERT INTO public.product (id, date_time_of_created, description, price, seller, title, warehouse, category_id) VALUES (1, NULL, 'Бинты Everlast предназначены для защиты суставов во время работы в боксерских перчатках. Использование бинтов помогает избежать растяжений и вывихов. Сочетание хлопка и полиэстера обеспечивают прочность бинта и комфорт во время занятий спортом. Петля для большого пальца и застежка-липучка служат для надежной фиксации. Длина - 3,5 метра. В комплекте 2 шт.', 699, 'Спортмастер', 'Бинты Everlast 3,5 м, 2 шт.', 'Коледино', 1);


--
-- TOC entry 3361 (class 0 OID 32880)
-- Dependencies: 220
-- Data for Name: product_cart; Type: TABLE DATA; Schema: public; Owner: postgres
--

INSERT INTO public.product_cart (id, person_id, product_id) VALUES (38, 4, 3);


--
-- TOC entry 3367 (class 0 OID 0)
-- Dependencies: 209
-- Name: category_id_seq; Type: SEQUENCE SET; Schema: public; Owner: postgres
--

SELECT pg_catalog.setval('public.category_id_seq', 3, true);


--
-- TOC entry 3368 (class 0 OID 0)
-- Dependencies: 211
-- Name: image_id_seq; Type: SEQUENCE SET; Schema: public; Owner: postgres
--

SELECT pg_catalog.setval('public.image_id_seq', 120, true);


--
-- TOC entry 3369 (class 0 OID 0)
-- Dependencies: 213
-- Name: orders_id_seq; Type: SEQUENCE SET; Schema: public; Owner: postgres
--

SELECT pg_catalog.setval('public.orders_id_seq', 34, true);


--
-- TOC entry 3370 (class 0 OID 0)
-- Dependencies: 215
-- Name: person_id_seq; Type: SEQUENCE SET; Schema: public; Owner: postgres
--

SELECT pg_catalog.setval('public.person_id_seq', 4, true);


--
-- TOC entry 3371 (class 0 OID 0)
-- Dependencies: 219
-- Name: product_cart_id_seq; Type: SEQUENCE SET; Schema: public; Owner: postgres
--

SELECT pg_catalog.setval('public.product_cart_id_seq', 51, true);


--
-- TOC entry 3372 (class 0 OID 0)
-- Dependencies: 217
-- Name: product_id_seq; Type: SEQUENCE SET; Schema: public; Owner: postgres
--

SELECT pg_catalog.setval('public.product_id_seq', 26, true);


--
-- TOC entry 3191 (class 2606 OID 32849)
-- Name: category category_pkey; Type: CONSTRAINT; Schema: public; Owner: postgres
--

ALTER TABLE ONLY public.category
    ADD CONSTRAINT category_pkey PRIMARY KEY (id);


--
-- TOC entry 3193 (class 2606 OID 32855)
-- Name: image image_pkey; Type: CONSTRAINT; Schema: public; Owner: postgres
--

ALTER TABLE ONLY public.image
    ADD CONSTRAINT image_pkey PRIMARY KEY (id);


--
-- TOC entry 3195 (class 2606 OID 32861)
-- Name: orders orders_pkey; Type: CONSTRAINT; Schema: public; Owner: postgres
--

ALTER TABLE ONLY public.orders
    ADD CONSTRAINT orders_pkey PRIMARY KEY (id);


--
-- TOC entry 3197 (class 2606 OID 32869)
-- Name: person person_pkey; Type: CONSTRAINT; Schema: public; Owner: postgres
--

ALTER TABLE ONLY public.person
    ADD CONSTRAINT person_pkey PRIMARY KEY (id);


--
-- TOC entry 3203 (class 2606 OID 32884)
-- Name: product_cart product_cart_pkey; Type: CONSTRAINT; Schema: public; Owner: postgres
--

ALTER TABLE ONLY public.product_cart
    ADD CONSTRAINT product_cart_pkey PRIMARY KEY (id);


--
-- TOC entry 3199 (class 2606 OID 32878)
-- Name: product product_pkey; Type: CONSTRAINT; Schema: public; Owner: postgres
--

ALTER TABLE ONLY public.product
    ADD CONSTRAINT product_pkey PRIMARY KEY (id);


--
-- TOC entry 3201 (class 2606 OID 32886)
-- Name: product uk_qka6vxqdy1dprtqnx9trdd47c; Type: CONSTRAINT; Schema: public; Owner: postgres
--

ALTER TABLE ONLY public.product
    ADD CONSTRAINT uk_qka6vxqdy1dprtqnx9trdd47c UNIQUE (title);


--
-- TOC entry 3205 (class 2606 OID 32892)
-- Name: orders fk1b0m4muwx1t377w9if3w6wwqn; Type: FK CONSTRAINT; Schema: public; Owner: postgres
--

ALTER TABLE ONLY public.orders
    ADD CONSTRAINT fk1b0m4muwx1t377w9if3w6wwqn FOREIGN KEY (person_id) REFERENCES public.person(id);


--
-- TOC entry 3207 (class 2606 OID 32902)
-- Name: product fk1mtsbur82frn64de7balymq9s; Type: FK CONSTRAINT; Schema: public; Owner: postgres
--

ALTER TABLE ONLY public.product
    ADD CONSTRAINT fk1mtsbur82frn64de7balymq9s FOREIGN KEY (category_id) REFERENCES public.category(id);


--
-- TOC entry 3206 (class 2606 OID 32897)
-- Name: orders fk787ibr3guwp6xobrpbofnv7le; Type: FK CONSTRAINT; Schema: public; Owner: postgres
--

ALTER TABLE ONLY public.orders
    ADD CONSTRAINT fk787ibr3guwp6xobrpbofnv7le FOREIGN KEY (product_id) REFERENCES public.product(id);


--
-- TOC entry 3210 (class 2606 OID 32985)
-- Name: product_cart fkdwi4qbou1sxy62x1lj17j0ew8; Type: FK CONSTRAINT; Schema: public; Owner: postgres
--

ALTER TABLE ONLY public.product_cart
    ADD CONSTRAINT fkdwi4qbou1sxy62x1lj17j0ew8 FOREIGN KEY (person_id) REFERENCES public.product(id);


--
-- TOC entry 3204 (class 2606 OID 32887)
-- Name: image fkgpextbyee3uk9u6o2381m7ft1; Type: FK CONSTRAINT; Schema: public; Owner: postgres
--

ALTER TABLE ONLY public.image
    ADD CONSTRAINT fkgpextbyee3uk9u6o2381m7ft1 FOREIGN KEY (product_id) REFERENCES public.product(id);


--
-- TOC entry 3209 (class 2606 OID 32912)
-- Name: product_cart fkhpnrxdy3jhujameyod08ilvvw; Type: FK CONSTRAINT; Schema: public; Owner: postgres
--

ALTER TABLE ONLY public.product_cart
    ADD CONSTRAINT fkhpnrxdy3jhujameyod08ilvvw FOREIGN KEY (product_id) REFERENCES public.product(id);


--
-- TOC entry 3208 (class 2606 OID 32907)
-- Name: product_cart fksgnkc1ko2i1o9yr2p63ysq3rn; Type: FK CONSTRAINT; Schema: public; Owner: postgres
--

ALTER TABLE ONLY public.product_cart
    ADD CONSTRAINT fksgnkc1ko2i1o9yr2p63ysq3rn FOREIGN KEY (person_id) REFERENCES public.person(id);


-- Completed on 2022-12-17 15:33:53

--
-- PostgreSQL database dump complete
--

